plate,county_code,intersection,interval_label,time_range,accidente_intersectie,accidente_vehicul,scor_judet,label_risk
MS22MUH,MS,Piata Unirii,Seara,15:30-19:00,18,7,5.5,0.7196209587513935
BT789JOC,BT,Piata Unirii,Seara,15:30-19:00,18,0,2.0,0.3785953177257525
AR89ATN,AR,Piata Unirii,Pranz,12:00-14:00,3,2,1.0,0.0884057971014492
BH06ABI,BH,Piata Romana,Pranz,12:00-14:00,3,1,3.333,0.1268570791527313
CL790OPR,CL,Arcul de Triumf,Seara,15:30-19:00,22,5,2.5,0.6476031215161651
TL666YHJ,TL,Piata Romana,Pranz,12:00-14:00,3,3,3.5,0.1986622073578595
IL666OLI,IL,Piata Romana,Dimineata,06:30-09:30,11,6,4.0,0.4879598662207358
VL78AMC,VL,Piata Universitatii,Dimineata,06:30-09:30,5,5,4.5,0.3395763656633221
CL790OPR,CL,Piata Universitatii,Seara,15:30-19:00,25,5,2.5,0.7128205128205127
BC99YCV,BC,Arcul de Triumf,Pranz,12:00-14:00,2,2,2.5,0.1128205128205128
GR999JKI,GR,Arcul de Triumf,Dimineata,06:30-09:30,15,1,4.5,0.4236343366778149
SM33ILO,SM,Piata Universitatii,Seara,15:30-19:00,25,5,3.25,0.7358974358974358
IS768KIL,IS,Piata Romana,Dimineata,06:30-09:30,11,4,3.0,0.3905239687848383
B123ABC,B,Arcul de Triumf,Dimineata,06:30-09:30,15,5,2.5,0.4954292084726867
NT663HNM,NT,Piata Universitatii,Pranz,12:00-14:00,3,5,4.5,0.296098104793757
SJ66VNM,SJ,Piata Universitatii,Dimineata,06:30-09:30,5,3,4.5,0.2729096989966555
CL777OPO,CL,Piata Romana,Seara,15:30-19:00,20,0,2.5,0.4374581939799331
TR345MOS,TR,Piata Universitatii,Pranz,12:00-14:00,3,6,6.5,0.3909698996655518
OT31JKL,OT,Piata Universitatii,Pranz,12:00-14:00,3,3,4.0,0.2140468227424749
TM23SOI,TM,Piata Universitatii,Seara,15:30-19:00,25,2,2.5,0.6128205128205129
BN567BNM,BN,Piata Romana,Pranz,12:00-14:00,3,1,1.0,0.0550724637681159
BC06LKJ,BC,Piata Romana,Seara,15:30-19:00,20,3,2.5,0.5374581939799331
CJ76MOP,CJ,Piata Romana,Dimineata,06:30-09:30,11,4,5.0,0.4520624303232999
CT87ADI,CT,Piata Universitatii,Pranz,12:00-14:00,3,2,2.667,0.1396981047937569
GL656JUH,GL,Arcul de Triumf,Seara,15:30-19:00,22,5,4.5,0.7091415830546266
AR06XAA,AR,Piata Unirii,Dimineata,06:30-09:30,15,0,1.0,0.2826086956521739
DB87NKJ,DB,Arcul de Triumf,Dimineata,06:30-09:30,15,4,3.0,0.4774804905239688
BH111BMM,BH,Arcul de Triumf,Pranz,12:00-14:00,2,7,3.333,0.3051179487179487
BZ678HOG,BZ,Piata Universitatii,Pranz,12:00-14:00,3,2,4.5,0.1960981047937569
GL88DOR,GL,Piata Unirii,Pranz,12:00-14:00,3,4,4.5,0.2627647714604236
AB666JEB,AB,Piata Universitatii,Dimineata,06:30-09:30,5,2,1.5,0.1472686733556298
CL790OPR,CL,Piata Romana,Dimineata,06:30-09:30,11,5,2.5,0.4084726867335563
BC06LKJ,BC,Piata Universitatii,Seara,15:30-19:00,25,3,2.5,0.6461538461538461
CL777OPO,CL,Arcul de Triumf,Dimineata,06:30-09:30,15,0,2.5,0.32876254180602
GJ08BOH,GJ,Piata Universitatii,Dimineata,06:30-09:30,5,4,4.5,0.3062430323299888
BH06ABI,BH,Arcul de Triumf,Dimineata,06:30-09:30,15,1,3.333,0.3877266443701226
BC99YCV,BC,Piata Romana,Dimineata,06:30-09:30,11,2,2.5,0.3084726867335563
BH04LEU,BH,Piata Unirii,Seara,15:30-19:00,18,2,3.333,0.4862773690078038
SM12ULC,SM,Piata Romana,Pranz,12:00-14:00,3,3,3.25,0.1909698996655518
SB35RMX,SB,Piata Romana,Pranz,12:00-14:00,3,4,6.0,0.3089186176142698
BT67UKR,BT,Arcul de Triumf,Pranz,12:00-14:00,2,4,2.0,0.1641025641025641
SV75LOC,SV,Piata Unirii,Dimineata,06:30-09:30,15,4,4.0,0.5082497212931996
PH99URU,PH,Piata Romana,Pranz,12:00-14:00,3,2,3.0,0.1499442586399108
BN567BNM,BN,Arcul de Triumf,Pranz,12:00-14:00,2,1,1.0,0.0333333333333333
TL565GEO,TL,Arcul de Triumf,Dimineata,06:30-09:30,15,4,3.5,0.4928651059085842
BC99YCV,BC,Piata Unirii,Seara,15:30-19:00,18,2,2.5,0.4606465997770345
BN567BNM,BN,Piata Romana,Seara,15:30-19:00,20,1,1.0,0.4246376811594203
B123ABC,B,Piata Unirii,Dimineata,06:30-09:30,15,5,2.5,0.4954292084726867
MS78YUI,MS,Piata Universitatii,Pranz,12:00-14:00,3,4,5.5,0.2935340022296544
VL78AMC,VL,Arcul de Triumf,Seara,15:30-19:00,22,5,4.5,0.7091415830546266
AR89ATN,AR,Arcul de Triumf,Pranz,12:00-14:00,2,2,1.0,0.0666666666666666
GR76SUR,GR,Piata Universitatii,Dimineata,06:30-09:30,5,8,4.5,0.4395763656633222
DJ09AND,DJ,Arcul de Triumf,Dimineata,06:30-09:30,15,4,3.0,0.4774804905239688
BR34AUN,BR,Piata Universitatii,Pranz,12:00-14:00,3,4,3.5,0.2319955406911928
BH06ABI,BH,Arcul de Triumf,Pranz,12:00-14:00,2,1,3.333,0.1051179487179487
IL678ROG,IL,Piata Unirii,Seara,15:30-19:00,18,2,4.0,0.5068004459308807
BR34AUN,BR,Piata Unirii,Dimineata,06:30-09:30,15,4,3.5,0.4928651059085842
BR12ACM,BR,Piata Romana,Pranz,12:00-14:00,3,3,3.5,0.1986622073578595
OT31JKL,OT,Piata Universitatii,Seara,15:30-19:00,25,3,4.0,0.6923076923076923
SB35RMX,SB,Piata Unirii,Pranz,12:00-14:00,3,4,6.0,0.3089186176142698
BC99YCV,BC,Arcul de Triumf,Dimineata,06:30-09:30,15,2,2.5,0.3954292084726867
CT12HAL,CT,Arcul de Triumf,Seara,15:30-19:00,22,1,2.667,0.5194082497212932
CT87ADI,CT,Arcul de Triumf,Seara,15:30-19:00,22,2,2.667,0.5527415830546265
BH111BMM,BH,Piata Romana,Seara,15:30-19:00,20,7,3.333,0.6964222965440356
SM11LUC,SM,Piata Romana,Seara,15:30-19:00,20,2,3.25,0.5272017837235229
SJ66VNM,SJ,Arcul de Triumf,Seara,15:30-19:00,22,3,4.5,0.64247491638796
AG12UIL,AG,Arcul de Triumf,Dimineata,06:30-09:30,15,6,7.5,0.682608695652174
TM23SOI,TM,Piata Universitatii,Dimineata,06:30-09:30,5,2,2.5,0.1780379041248606
AB254ULA,AB,Piata Unirii,Seara,15:30-19:00,18,1,1.5,0.3965440356744704
CJ76MOP,CJ,Piata Universitatii,Seara,15:30-19:00,25,4,5.0,0.7564102564102564
PH578HOT,PH,Piata Unirii,Dimineata,06:30-09:30,15,4,3.0,0.4774804905239688
SB35RMX,SB,Piata Romana,Seara,15:30-19:00,20,4,6.0,0.6784838350055742
SM12ULC,SM,Arcul de Triumf,Dimineata,06:30-09:30,15,3,3.25,0.4518394648829431
TR345MOS,TR,Piata Romana,Seara,15:30-19:00,20,6,6.5,0.7605351170568562
DJ09AND,DJ,Piata Romana,Dimineata,06:30-09:30,11,4,3.0,0.3905239687848383
TR23AGU,TR,Piata Romana,Seara,15:30-19:00,20,7,6.5,0.7938684503901896
CJ654DRS,CJ,Arcul de Triumf,Seara,15:30-19:00,22,6,5.0,0.7578595317725753
AB254ULA,AB,Piata Romana,Dimineata,06:30-09:30,11,1,1.5,0.2443701226309922
MS78YUI,MS,Piata Romana,Seara,15:30-19:00,20,4,5.5,0.6630992196209589
DJ01BCA,DJ,Piata Unirii,Dimineata,06:30-09:30,15,2,3.0,0.4108138238573021
DJ09AND,DJ,Piata Universitatii,Dimineata,06:30-09:30,5,4,3.0,0.2600891861761427
BZ678HOG,BZ,Arcul de Triumf,Dimineata,06:30-09:30,15,2,4.5,0.4569676700111482
TR23AGU,TR,Piata Unirii,Pranz,12:00-14:00,3,7,6.5,0.4243032329988851
DB87NKJ,DB,Piata Romana,Dimineata,06:30-09:30,11,4,3.0,0.3905239687848383
CT12HAL,CT,Arcul de Triumf,Pranz,12:00-14:00,2,1,2.667,0.084625641025641
DJ01BCA,DJ,Piata Universitatii,Pranz,12:00-14:00,3,2,3.0,0.1499442586399108
B555WHR,B,Piata Unirii,Dimineata,06:30-09:30,15,0,2.5,0.32876254180602
MS78YUI,MS,Piata Unirii,Pranz,12:00-14:00,3,4,5.5,0.2935340022296544
SB35RMX,SB,Piata Universitatii,Pranz,12:00-14:00,3,4,6.0,0.3089186176142698
CT24HAG,CT,Piata Universitatii,Pranz,12:00-14:00,3,5,2.667,0.2396981047937569
CT87ADI,CT,Piata Unirii,Pranz,12:00-14:00,3,2,2.667,0.1396981047937569
AR89ATN,AR,Piata Universitatii,Seara,15:30-19:00,25,2,1.0,0.5666666666666667
AB666JEB,AB,Arcul de Triumf,Pranz,12:00-14:00,2,2,1.5,0.082051282051282
IF05BOK,IF,Piata Unirii,Dimineata,06:30-09:30,15,3,3.0,0.4441471571906354
BZ678HOG,BZ,Piata Unirii,Seara,15:30-19:00,18,2,4.5,0.5221850613154961
BZ876MRG,BZ,Piata Universitatii,Dimineata,06:30-09:30,5,7,4.5,0.4062430323299889
CT87ADI,CT,Arcul de Triumf,Dimineata,06:30-09:30,15,2,2.667,0.4005676700111482
CJ76MOP,CJ,Piata Unirii,Dimineata,06:30-09:30,15,4,5.0,0.5390189520624303
VS756JNM,VS,Piata Unirii,Seara,15:30-19:00,18,8,5.5,0.7529542920847268
BZ876MRG,BZ,Arcul de Triumf,Seara,15:30-19:00,22,7,4.5,0.7758082497212933
B555WHR,B,Arcul de Triumf,Dimineata,06:30-09:30,15,0,2.5,0.32876254180602
BH111BMM,BH,Arcul de Triumf,Seara,15:30-19:00,22,7,3.333,0.7399005574136008
CT87ADI,CT,Piata Unirii,Seara,15:30-19:00,18,2,2.667,0.4657850613154961
TL565GEO,TL,Piata Romana,Pranz,12:00-14:00,3,4,3.5,0.2319955406911928
SJ66VNM,SJ,Piata Unirii,Pranz,12:00-14:00,3,3,4.5,0.2294314381270903
BR12ACM,BR,Piata Unirii,Pranz,12:00-14:00,3,3,3.5,0.1986622073578595
SB11RIX,SB,Arcul de Triumf,Seara,15:30-19:00,22,8,6.0,0.8552954292084727
IS888DMN,IS,Piata Unirii,Seara,15:30-19:00,18,2,3.0,0.4760312151616499
HD789IKJ,HD,Piata Romana,Dimineata,06:30-09:30,11,5,4.5,0.4700111482720178
CV89HUN,CV,Piata Universitatii,Pranz,12:00-14:00,3,1,2.5,0.1012263099219621
SM499JUJ,SM,Arcul de Triumf,Dimineata,06:30-09:30,15,3,3.25,0.4518394648829431
IL666OLI,IL,Piata Romana,Seara,15:30-19:00,20,6,4.0,0.6836120401337793
BN567BNM,BN,Piata Unirii,Seara,15:30-19:00,18,1,1.0,0.381159420289855
OT31JKL,OT,Piata Unirii,Pranz,12:00-14:00,3,3,4.0,0.2140468227424749
SV432COL,SV,Arcul de Triumf,Seara,15:30-19:00,22,4,4.0,0.6604236343366778
OT31JKL,OT,Piata Romana,Pranz,12:00-14:00,3,3,4.0,0.2140468227424749
TM56BSO,TM,Piata Unirii,Dimineata,06:30-09:30,15,3,2.5,0.42876254180602
BH04LEU,BH,Piata Unirii,Pranz,12:00-14:00,3,2,3.333,0.1601904124860646
BV999OSU,BV,Piata Unirii,Seara,15:30-19:00,18,1,2.5,0.4273132664437012
PH99URU,PH,Arcul de Triumf,Pranz,12:00-14:00,2,2,3.0,0.1282051282051282
GR999JKI,GR,Piata Universitatii,Pranz,12:00-14:00,3,1,4.5,0.1627647714604236
CT24HAG,CT,Piata Romana,Dimineata,06:30-09:30,11,5,2.667,0.4136111482720178
AR89ATN,AR,Arcul de Triumf,Seara,15:30-19:00,22,2,1.0,0.5014492753623189
AG12UIL,AG,Piata Romana,Seara,15:30-19:00,20,6,7.5,0.791304347826087
SB35RMX,SB,Piata Universitatii,Seara,15:30-19:00,25,4,6.0,0.7871794871794872
SB35RMX,SB,Arcul de Triumf,Seara,15:30-19:00,22,4,6.0,0.7219620958751394
VS123ERC,VS,Piata Unirii,Dimineata,06:30-09:30,15,3,5.5,0.5210702341137123
AG444POV,AG,Piata Unirii,Seara,15:30-19:00,18,9,7.5,0.8478260869565217
AG12UIL,AG,Piata Unirii,Dimineata,06:30-09:30,15,6,7.5,0.682608695652174
VL87AND,VL,Piata Universitatii,Dimineata,06:30-09:30,5,4,4.5,0.3062430323299888
VL87AND,VL,Arcul de Triumf,Pranz,12:00-14:00,2,4,4.5,0.241025641025641
AR06XAA,AR,Piata Unirii,Seara,15:30-19:00,18,0,1.0,0.3478260869565217
SB35RMX,SB,Piata Unirii,Dimineata,06:30-09:30,15,4,6.0,0.5697881828316611
AR06XAA,AR,Piata Romana,Seara,15:30-19:00,20,0,1.0,0.391304347826087
CJ654DRS,CJ,Arcul de Triumf,Dimineata,06:30-09:30,15,6,5.0,0.605685618729097
CT12HAL,CT,Arcul de Triumf,Dimineata,06:30-09:30,15,1,2.667,0.3672343366778149
CV89HUN,CV,Piata Unirii,Dimineata,06:30-09:30,15,1,2.5,0.3620958751393534
DJ09AND,DJ,Piata Unirii,Dimineata,06:30-09:30,15,4,3.0,0.4774804905239688
HD789IKJ,HD,Arcul de Triumf,Dimineata,06:30-09:30,15,5,4.5,0.5569676700111483
IF05BOK,IF,Piata Universitatii,Pranz,12:00-14:00,3,3,3.0,0.1832775919732441
PH578HOT,PH,Piata Universitatii,Pranz,12:00-14:00,3,4,3.0,0.2166109253065775
AR06XAA,AR,Piata Universitatii,Pranz,12:00-14:00,3,0,1.0,0.0217391304347826
B123ABC,B,Piata Universitatii,Seara,15:30-19:00,25,5,2.5,0.7128205128205127
VS756JNM,VS,Arcul de Triumf,Dimineata,06:30-09:30,15,8,5.5,0.6877369007803791
GR999JKI,GR,Piata Unirii,Dimineata,06:30-09:30,15,1,4.5,0.4236343366778149
SM11LUC,SM,Piata Unirii,Pranz,12:00-14:00,3,2,3.25,0.1576365663322185
SM11LUC,SM,Piata Unirii,Dimineata,06:30-09:30,15,2,3.25,0.4185061315496098
CS98LOG,CS,Piata Romana,Seara,15:30-19:00,20,4,3.5,0.6015607580824973
BH04LEU,BH,Piata Universitatii,Seara,15:30-19:00,25,2,3.333,0.638451282051282
TL565GEO,TL,Piata Unirii,Seara,15:30-19:00,18,4,3.5,0.5580824972129319
GR999JKI,GR,Arcul de Triumf,Pranz,12:00-14:00,2,1,4.5,0.141025641025641
SM33ILO,SM,Piata Romana,Dimineata,06:30-09:30,11,5,3.25,0.4315496098104794
IF05BOK,IF,Piata Universitatii,Dimineata,06:30-09:30,5,3,3.0,0.2267558528428093
AG444POV,AG,Piata Romana,Pranz,12:00-14:00,3,9,7.5,0.5217391304347826
VL78AMC,VL,Piata Unirii,Dimineata,06:30-09:30,15,5,4.5,0.5569676700111483
BN567BNM,BN,Piata Universitatii,Pranz,12:00-14:00,3,1,1.0,0.0550724637681159
VL87AND,VL,Piata Unirii,Seara,15:30-19:00,18,4,4.5,0.5888517279821628
CT12HAL,CT,Piata Romana,Dimineata,06:30-09:30,11,1,2.667,0.2802778149386845
GR999JKI,GR,Piata Unirii,Pranz,12:00-14:00,3,1,4.5,0.1627647714604236
OT65KLL,OT,Arcul de Triumf,Dimineata,06:30-09:30,15,5,4.0,0.5415830546265329
BN567BNM,BN,Piata Universitatii,Dimineata,06:30-09:30,5,1,1.0,0.0985507246376811
VS123ERC,VS,Piata Universitatii,Seara,15:30-19:00,25,3,5.5,0.7384615384615385
IF06XAA,IF,Piata Universitatii,Pranz,12:00-14:00,3,3,3.0,0.1832775919732441
IL678ROG,IL,Piata Universitatii,Dimineata,06:30-09:30,5,2,4.0,0.2241917502787068
IS768KIL,IS,Arcul de Triumf,Seara,15:30-19:00,22,4,3.0,0.6296544035674471
CT24HAG,CT,Piata Universitatii,Seara,15:30-19:00,25,5,2.667,0.7179589743589743
BV09LAC,BV,Piata Romana,Seara,15:30-19:00,20,4,2.5,0.5707915273132664
TR23AGU,TR,Piata Universitatii,Dimineata,06:30-09:30,5,7,6.5,0.4677814938684504
CS98LOG,CS,Piata Universitatii,Seara,15:30-19:00,25,4,3.5,0.7102564102564102
SJ66VNM,SJ,Piata Unirii,Dimineata,06:30-09:30,15,3,4.5,0.4903010033444815
B555WHR,B,Piata Romana,Dimineata,06:30-09:30,11,0,2.5,0.2418060200668896
B123ABC,B,Piata Romana,Dimineata,06:30-09:30,11,5,2.5,0.4084726867335563
TM56BSO,TM,Piata Universitatii,Seara,15:30-19:00,25,3,2.5,0.6461538461538461
BV09LAC,BV,Piata Romana,Pranz,12:00-14:00,3,4,2.5,0.2012263099219621
SJ23MNN,SJ,Piata Universitatii,Dimineata,06:30-09:30,5,6,4.5,0.3729096989966555
GL88DOR,GL,Piata Romana,Dimineata,06:30-09:30,11,4,4.5,0.4366778149386845
IF06XAA,IF,Arcul de Triumf,Dimineata,06:30-09:30,15,3,3.0,0.4441471571906354
SB11RIX,SB,Piata Unirii,Pranz,12:00-14:00,3,8,6.0,0.4422519509476031
VS123ERC,VS,Piata Universitatii,Dimineata,06:30-09:30,5,3,5.5,0.3036789297658863
BR12ACM,BR,Piata Unirii,Dimineata,06:30-09:30,15,3,3.5,0.4595317725752508
BN567BNM,BN,Piata Universitatii,Seara,15:30-19:00,25,1,1.0,0.5333333333333333
CL790OPR,CL,Arcul de Triumf,Pranz,12:00-14:00,2,5,2.5,0.2128205128205128
SM499JUJ,SM,Piata Romana,Seara,15:30-19:00,20,3,3.25,0.5605351170568562
CS98LOG,CS,Arcul de Triumf,Dimineata,06:30-09:30,15,4,3.5,0.4928651059085842
DB66RRS,DB,Piata Universitatii,Pranz,12:00-14:00,3,2,3.0,0.1499442586399108
B123ABC,B,Piata Universitatii,Dimineata,06:30-09:30,5,5,2.5,0.2780379041248606
BV999OSU,BV,Piata Universitatii,Dimineata,06:30-09:30,5,1,2.5,0.1447045707915273
B555WHR,B,Piata Universitatii,Pranz,12:00-14:00,3,0,2.5,0.0678929765886287
CJ76MOP,CJ,Piata Unirii,Seara,15:30-19:00,18,4,5.0,0.6042363433667781
BR12ACM,BR,Piata Romana,Seara,15:30-19:00,20,3,3.5,0.5682274247491639
IS768KIL,IS,Piata Universitatii,Dimineata,06:30-09:30,5,4,3.0,0.2600891861761427
GR76SUR,GR,Arcul de Triumf,Dimineata,06:30-09:30,15,8,4.5,0.6569676700111482
CV89HUN,CV,Piata Unirii,Pranz,12:00-14:00,3,1,2.5,0.1012263099219621
SM499JUJ,SM,Piata Unirii,Dimineata,06:30-09:30,15,3,3.25,0.4518394648829431
CJ654DRS,CJ,Piata Romana,Pranz,12:00-14:00,3,6,5.0,0.3448160535117057
VL78AMC,VL,Piata Universitatii,Seara,15:30-19:00,25,5,4.5,0.7743589743589743
SV75LOC,SV,Piata Romana,Seara,15:30-19:00,20,4,4.0,0.6169453734671126
HD789IKJ,HD,Piata Universitatii,Pranz,12:00-14:00,3,5,4.5,0.296098104793757
SB11RIX,SB,Piata Unirii,Seara,15:30-19:00,18,8,6.0,0.7683389074693422
BT67UKR,BT,Piata Universitatii,Seara,15:30-19:00,25,4,2.0,0.6641025641025641
SJ23MNN,SJ,Piata Universitatii,Pranz,12:00-14:00,3,6,4.5,0.3294314381270903
TL666YHJ,TL,Arcul de Triumf,Pranz,12:00-14:00,2,3,3.5,0.1769230769230769
BR34AUN,BR,Piata Universitatii,Dimineata,06:30-09:30,5,4,3.5,0.275473801560758
AR06XAA,AR,Piata Universitatii,Dimineata,06:30-09:30,5,0,1.0,0.0652173913043478
SB35RMX,SB,Arcul de Triumf,Dimineata,06:30-09:30,15,4,6.0,0.5697881828316611
DB87NKJ,DB,Piata Unirii,Pranz,12:00-14:00,3,4,3.0,0.2166109253065775
SJ23MNN,SJ,Arcul de Triumf,Seara,15:30-19:00,22,6,4.5,0.7424749163879598
GJ08BOH,GJ,Arcul de Triumf,Seara,15:30-19:00,22,4,4.5,0.6758082497212932
BZ876MRG,BZ,Piata Unirii,Seara,15:30-19:00,18,7,4.5,0.6888517279821629
BH111BMM,BH,Piata Romana,Pranz,12:00-14:00,3,7,3.333,0.3268570791527313
IL666OLI,IL,Piata Unirii,Dimineata,06:30-09:30,15,6,4.0,0.5749163879598662
HD56FIL,HD,Piata Unirii,Dimineata,06:30-09:30,15,4,4.5,0.5236343366778149
TL565GEO,TL,Arcul de Triumf,Seara,15:30-19:00,22,4,3.5,0.6450390189520625
NT77SNM,NT,Piata Universitatii,Pranz,12:00-14:00,3,4,4.5,0.2627647714604236
BH06ABI,BH,Piata Universitatii,Dimineata,06:30-09:30,5,1,3.333,0.1703353400222965
AR89ATN,AR,Piata Romana,Dimineata,06:30-09:30,11,2,1.0,0.2623188405797101
TL666YHJ,TL,Piata Unirii,Dimineata,06:30-09:30,15,3,3.5,0.4595317725752508
MS22MUH,MS,Piata Universitatii,Pranz,12:00-14:00,3,7,5.5,0.3935340022296544
SJ66VNM,SJ,Piata Romana,Seara,15:30-19:00,20,3,4.5,0.5989966555183946
BZ876MRG,BZ,Arcul de Triumf,Pranz,12:00-14:00,2,7,4.5,0.341025641025641
AB666JEB,AB,Piata Unirii,Seara,15:30-19:00,18,2,1.5,0.4298773690078037
TL666YHJ,TL,Arcul de Triumf,Seara,15:30-19:00,22,3,3.5,0.6117056856187291
SJ23MNN,SJ,Piata Unirii,Pranz,12:00-14:00,3,6,4.5,0.3294314381270903
TR345MOS,TR,Piata Unirii,Dimineata,06:30-09:30,15,6,6.5,0.6518394648829431
BH111BMM,BH,Piata Unirii,Seara,15:30-19:00,18,7,3.333,0.6529440356744705
BZ678HOG,BZ,Piata Unirii,Pranz,12:00-14:00,3,2,4.5,0.1960981047937569
GL656JUH,GL,Piata Unirii,Pranz,12:00-14:00,3,5,4.5,0.296098104793757
CT12HAL,CT,Piata Romana,Seara,15:30-19:00,20,1,2.667,0.475929988851728
BR34AUN,BR,Piata Unirii,Seara,15:30-19:00,18,4,3.5,0.5580824972129319
TR345MOS,TR,Piata Unirii,Pranz,12:00-14:00,3,6,6.5,0.3909698996655518
AG12UIL,AG,Piata Universitatii,Dimineata,06:30-09:30,5,6,7.5,0.4652173913043478
DJ09AND,DJ,Piata Romana,Seara,15:30-19:00,20,4,3.0,0.5861761426978819
SV432COL,SV,Piata Unirii,Seara,15:30-19:00,18,4,4.0,0.5734671125975473
SV75LOC,SV,Piata Unirii,Pranz,12:00-14:00,3,4,4.0,0.2473801560758082
DJ01BCA,DJ,Piata Romana,Pranz,12:00-14:00,3,2,3.0,0.1499442586399108
BC06LKJ,BC,Piata Unirii,Dimineata,06:30-09:30,15,3,2.5,0.42876254180602
AG12UIL,AG,Piata Unirii,Seara,15:30-19:00,18,6,7.5,0.7478260869565216
TM23SOI,TM,Piata Romana,Seara,15:30-19:00,20,2,2.5,0.5041248606465998
NT77SNM,NT,Piata Universitatii,Dimineata,06:30-09:30,5,4,4.5,0.3062430323299888
AB254ULA,AB,Piata Universitatii,Dimineata,06:30-09:30,5,1,1.5,0.1139353400222965
NT663HNM,NT,Piata Unirii,Seara,15:30-19:00,18,5,4.5,0.622185061315496
GL656JUH,GL,Piata Universitatii,Seara,15:30-19:00,25,5,4.5,0.7743589743589743
CT87ADI,CT,Piata Universitatii,Dimineata,06:30-09:30,5,2,2.667,0.1831763656633221
BZ678HOG,BZ,Piata Romana,Pranz,12:00-14:00,3,2,4.5,0.1960981047937569
SM11LUC,SM,Piata Universitatii,Pranz,12:00-14:00,3,2,3.25,0.1576365663322185
CJ76MOP,CJ,Arcul de Triumf,Pranz,12:00-14:00,2,4,5.0,0.2564102564102564
BT67UKR,BT,Piata Romana,Dimineata,06:30-09:30,11,4,2.0,0.3597547380156076
CT12HAL,CT,Piata Universitatii,Seara,15:30-19:00,25,1,2.667,0.584625641025641
GR999JKI,GR,Piata Universitatii,Seara,15:30-19:00,25,1,4.5,0.641025641025641
IS768KIL,IS,Piata Romana,Seara,15:30-19:00,20,4,3.0,0.5861761426978819
BV09LAC,BV,Piata Universitatii,Seara,15:30-19:00,25,4,2.5,0.6794871794871795
TL565GEO,TL,Piata Universitatii,Seara,15:30-19:00,25,4,3.5,0.7102564102564102
NT663HNM,NT,Piata Romana,Seara,15:30-19:00,20,5,4.5,0.6656633221850614
CL777OPO,CL,Piata Romana,Pranz,12:00-14:00,3,0,2.5,0.0678929765886287
CJ654DRS,CJ,Piata Romana,Seara,15:30-19:00,20,6,5.0,0.7143812709030101
CV56UNG,CV,Piata Romana,Dimineata,06:30-09:30,11,4,2.5,0.375139353400223
BH06ABI,BH,Piata Romana,Seara,15:30-19:00,20,1,3.333,0.4964222965440357
BC06LKJ,BC,Piata Romana,Pranz,12:00-14:00,3,3,2.5,0.1678929765886287
IL678ROG,IL,Arcul de Triumf,Seara,15:30-19:00,22,2,4.0,0.5937569676700112
AB254ULA,AB,Arcul de Triumf,Seara,15:30-19:00,22,1,1.5,0.4835005574136009
CJ76MOP,CJ,Piata Romana,Seara,15:30-19:00,20,4,5.0,0.6477146042363434
DJ09AND,DJ,Arcul de Triumf,Pranz,12:00-14:00,2,4,3.0,0.1948717948717948
BC99YCV,BC,Piata Universitatii,Pranz,12:00-14:00,3,2,2.5,0.1345596432552954
TM23SOI,TM,Arcul de Triumf,Seara,15:30-19:00,22,2,2.5,0.547603121516165
VS756JNM,VS,Piata Romana,Dimineata,06:30-09:30,11,8,5.5,0.6007803790412487
SJ23MNN,SJ,Piata Romana,Seara,15:30-19:00,20,6,4.5,0.6989966555183946
CS999KKK,CS,Piata Unirii,Seara,15:30-19:00,18,3,3.5,0.5247491638795987
B555WHR,B,Piata Unirii,Pranz,12:00-14:00,3,0,2.5,0.0678929765886287
IL666OLI,IL,Piata Universitatii,Seara,15:30-19:00,25,6,4.0,0.7923076923076923
IL678ROG,IL,Piata Unirii,Dimineata,06:30-09:30,15,2,4.0,0.4415830546265328
HD789IKJ,HD,Piata Unirii,Seara,15:30-19:00,18,5,4.5,0.622185061315496
VS756JNM,VS,Piata Universitatii,Seara,15:30-19:00,25,8,5.5,0.905128205128205
SB35RMX,SB,Piata Universitatii,Dimineata,06:30-09:30,5,4,6.0,0.352396878483835
SJ23MNN,SJ,Arcul de Triumf,Dimineata,06:30-09:30,15,6,4.5,0.5903010033444815
SM11LUC,SM,Arcul de Triumf,Seara,15:30-19:00,22,2,3.25,0.5706800445930881
BN567BNM,BN,Piata Unirii,Pranz,12:00-14:00,3,1,1.0,0.0550724637681159
BV999OSU,BV,Piata Romana,Seara,15:30-19:00,20,1,2.5,0.4707915273132664
HD789IKJ,HD,Piata Unirii,Dimineata,06:30-09:30,15,5,4.5,0.5569676700111483
OT31JKL,OT,Piata Universitatii,Dimineata,06:30-09:30,5,3,4.0,0.2575250836120401
IF05BOK,IF,Piata Unirii,Pranz,12:00-14:00,3,3,3.0,0.1832775919732441
GJ87MIL,GJ,Piata Universitatii,Dimineata,06:30-09:30,5,5,4.5,0.3395763656633221
BH06ABI,BH,Piata Universitatii,Pranz,12:00-14:00,3,1,3.333,0.1268570791527313
BZ876MRG,BZ,Piata Universitatii,Seara,15:30-19:00,25,7,4.5,0.8410256410256411
NT77SNM,NT,Piata Unirii,Pranz,12:00-14:00,3,4,4.5,0.2627647714604236
IF06XAA,IF,Piata Unirii,Seara,15:30-19:00,18,3,3.0,0.5093645484949832
B555WHR,B,Piata Romana,Seara,15:30-19:00,20,0,2.5,0.4374581939799331
BC06LKJ,BC,Piata Unirii,Pranz,12:00-14:00,3,3,2.5,0.1678929765886287
CS999KKK,CS,Piata Universitatii,Pranz,12:00-14:00,3,3,3.5,0.1986622073578595
BV09LAC,BV,Piata Romana,Dimineata,06:30-09:30,11,4,2.5,0.375139353400223
NT77SNM,NT,Piata Unirii,Seara,15:30-19:00,18,4,4.5,0.5888517279821628
CV56UNG,CV,Arcul de Triumf,Pranz,12:00-14:00,2,4,2.5,0.1794871794871795
BH111BMM,BH,Piata Universitatii,Pranz,12:00-14:00,3,7,3.333,0.3268570791527313
AG12UIL,AG,Piata Unirii,Pranz,12:00-14:00,3,6,7.5,0.4217391304347826
SJ66VNM,SJ,Piata Unirii,Seara,15:30-19:00,18,3,4.5,0.5555183946488294
BH111BMM,BH,Arcul de Triumf,Dimineata,06:30-09:30,15,7,3.333,0.5877266443701226
CL777OPO,CL,Arcul de Triumf,Pranz,12:00-14:00,2,0,2.5,0.0461538461538461
IS888DMN,IS,Arcul de Triumf,Dimineata,06:30-09:30,15,2,3.0,0.4108138238573021
IS768KIL,IS,Arcul de Triumf,Dimineata,06:30-09:30,15,4,3.0,0.4774804905239688
MS22MUH,MS,Piata Romana,Dimineata,06:30-09:30,11,7,5.5,0.5674470457079153
NT77SNM,NT,Arcul de Triumf,Pranz,12:00-14:00,2,4,4.5,0.241025641025641
OT65KLL,OT,Arcul de Triumf,Seara,15:30-19:00,22,5,4.0,0.6937569676700112
SV75LOC,SV,Arcul de Triumf,Pranz,12:00-14:00,2,4,4.0,0.2256410256410256
CV89HUN,CV,Piata Unirii,Seara,15:30-19:00,18,1,2.5,0.4273132664437012
SM11LUC,SM,Piata Universitatii,Dimineata,06:30-09:30,5,2,3.25,0.2011148272017837
CT12HAL,CT,Piata Universitatii,Dimineata,06:30-09:30,5,1,2.667,0.1498430323299888
BH04LEU,BH,Arcul de Triumf,Pranz,12:00-14:00,2,2,3.333,0.138451282051282
IF06XAA,IF,Piata Universitatii,Dimineata,06:30-09:30,5,3,3.0,0.2267558528428093
BN567BNM,BN,Piata Romana,Dimineata,06:30-09:30,11,1,1.0,0.2289855072463768
B555WHR,B,Piata Romana,Pranz,12:00-14:00,3,0,2.5,0.0678929765886287
SV432COL,SV,Piata Unirii,Pranz,12:00-14:00,3,4,4.0,0.2473801560758082
AB254ULA,AB,Arcul de Triumf,Dimineata,06:30-09:30,15,1,1.5,0.3313266443701226
CV56UNG,CV,Piata Unirii,Pranz,12:00-14:00,3,4,2.5,0.2012263099219621
GJ08BOH,GJ,Piata Romana,Seara,15:30-19:00,20,4,4.5,0.632329988851728
SV432COL,SV,Piata Universitatii,Seara,15:30-19:00,25,4,4.0,0.7256410256410256
NT77SNM,NT,Arcul de Triumf,Seara,15:30-19:00,22,4,4.5,0.6758082497212932
TR345MOS,TR,Arcul de Triumf,Dimineata,06:30-09:30,15,6,6.5,0.6518394648829431
BZ876MRG,BZ,Piata Unirii,Pranz,12:00-14:00,3,7,4.5,0.3627647714604236
PH578HOT,PH,Piata Unirii,Seara,15:30-19:00,18,4,3.0,0.5426978818283166
BR12ACM,BR,Piata Universitatii,Dimineata,06:30-09:30,5,3,3.5,0.2421404682274247
SM12ULC,SM,Arcul de Triumf,Seara,15:30-19:00,22,3,3.25,0.6040133779264214
GJ87MIL,GJ,Piata Romana,Dimineata,06:30-09:30,11,5,4.5,0.4700111482720178
TL565GEO,TL,Piata Romana,Seara,15:30-19:00,20,4,3.5,0.6015607580824973
DB66RRS,DB,Arcul de Triumf,Dimineata,06:30-09:30,15,2,3.0,0.4108138238573021
CT87ADI,CT,Piata Romana,Pranz,12:00-14:00,3,2,2.667,0.1396981047937569
BR34AUN,BR,Arcul de Triumf,Pranz,12:00-14:00,2,4,3.5,0.2102564102564102
SM11LUC,SM,Arcul de Triumf,Pranz,12:00-14:00,2,2,3.25,0.1358974358974359
CV56UNG,CV,Arcul de Triumf,Seara,15:30-19:00,22,4,2.5,0.6142697881828316
CT24HAG,CT,Arcul de Triumf,Seara,15:30-19:00,22,5,2.667,0.6527415830546265
TM23SOI,TM,Arcul de Triumf,Pranz,12:00-14:00,2,2,2.5,0.1128205128205128
CV56UNG,CV,Piata Romana,Pranz,12:00-14:00,3,4,2.5,0.2012263099219621
GJ87MIL,GJ,Arcul de Triumf,Seara,15:30-19:00,22,5,4.5,0.7091415830546266
MS22MUH,MS,Piata Romana,Seara,15:30-19:00,20,7,5.5,0.7630992196209587
BT67UKR,BT,Arcul de Triumf,Seara,15:30-19:00,22,4,2.0,0.5988851727982163
GJ87MIL,GJ,Piata Romana,Seara,15:30-19:00,20,5,4.5,0.6656633221850614
GR76SUR,GR,Piata Romana,Dimineata,06:30-09:30,11,8,4.5,0.5700111482720178
TR23AGU,TR,Piata Universitatii,Seara,15:30-19:00,25,7,6.5,0.9025641025641028
CV56UNG,CV,Piata Unirii,Dimineata,06:30-09:30,15,4,2.5,0.4620958751393534
HD789IKJ,HD,Piata Unirii,Pranz,12:00-14:00,3,5,4.5,0.296098104793757
SJ66VNM,SJ,Piata Romana,Dimineata,06:30-09:30,11,3,4.5,0.4033444816053512
CV56UNG,CV,Piata Romana,Seara,15:30-19:00,20,4,2.5,0.5707915273132664
BH04LEU,BH,Piata Unirii,Dimineata,06:30-09:30,15,2,3.333,0.4210599777034559
NT663HNM,NT,Piata Unirii,Dimineata,06:30-09:30,15,5,4.5,0.5569676700111483
BH06ABI,BH,Piata Unirii,Seara,15:30-19:00,18,1,3.333,0.4529440356744704
IL666OLI,IL,Arcul de Triumf,Pranz,12:00-14:00,2,6,4.0,0.2923076923076922
NT663HNM,NT,Piata Romana,Pranz,12:00-14:00,3,5,4.5,0.296098104793757
IF05BOK,IF,Piata Unirii,Seara,15:30-19:00,18,3,3.0,0.5093645484949832
AG12UIL,AG,Piata Romana,Dimineata,06:30-09:30,11,6,7.5,0.5956521739130435
BR12ACM,BR,Piata Universitatii,Pranz,12:00-14:00,3,3,3.5,0.1986622073578595
NT77SNM,NT,Piata Romana,Pranz,12:00-14:00,3,4,4.5,0.2627647714604236
AG444POV,AG,Piata Unirii,Pranz,12:00-14:00,3,9,7.5,0.5217391304347826
VL78AMC,VL,Arcul de Triumf,Pranz,12:00-14:00,2,5,4.5,0.2743589743589744
VL87AND,VL,Piata Universitatii,Seara,15:30-19:00,25,4,4.5,0.7410256410256411
IF05BOK,IF,Piata Romana,Dimineata,06:30-09:30,11,3,3.0,0.357190635451505
SJ66VNM,SJ,Piata Universitatii,Pranz,12:00-14:00,3,3,4.5,0.2294314381270903
IS768KIL,IS,Piata Unirii,Seara,15:30-19:00,18,4,3.0,0.5426978818283166
AG12UIL,AG,Piata Universitatii,Seara,15:30-19:00,25,6,7.5,0.8999999999999999
AB254ULA,AB,Piata Romana,Seara,15:30-19:00,20,1,1.5,0.4400222965440357
BH06ABI,BH,Piata Unirii,Pranz,12:00-14:00,3,1,3.333,0.1268570791527313
VS756JNM,VS,Piata Unirii,Pranz,12:00-14:00,3,8,5.5,0.4268673355629877
DB87NKJ,DB,Piata Unirii,Dimineata,06:30-09:30,15,4,3.0,0.4774804905239688
BT789JOC,BT,Piata Romana,Dimineata,06:30-09:30,11,0,2.0,0.2264214046822742
GJ08BOH,GJ,Piata Unirii,Seara,15:30-19:00,18,4,4.5,0.5888517279821628
IS888DMN,IS,Piata Romana,Dimineata,06:30-09:30,11,2,3.0,0.3238573021181717
B123ABC,B,Piata Unirii,Seara,15:30-19:00,18,5,2.5,0.5606465997770345
IL666OLI,IL,Piata Universitatii,Dimineata,06:30-09:30,5,6,4.0,0.3575250836120401
SM11LUC,SM,Arcul de Triumf,Dimineata,06:30-09:30,15,2,3.25,0.4185061315496098
TL666YHJ,TL,Piata Unirii,Seara,15:30-19:00,18,3,3.5,0.5247491638795987
NT77SNM,NT,Piata Romana,Dimineata,06:30-09:30,11,4,4.5,0.4366778149386845
BV09LAC,BV,Arcul de Triumf,Pranz,12:00-14:00,2,4,2.5,0.1794871794871795
CL777OPO,CL,Piata Romana,Dimineata,06:30-09:30,11,0,2.5,0.2418060200668896
IF06XAA,IF,Piata Universitatii,Seara,15:30-19:00,25,3,3.0,0.6615384615384615
SM33ILO,SM,Piata Unirii,Pranz,12:00-14:00,3,5,3.25,0.2576365663322185
PH578HOT,PH,Piata Universitatii,Seara,15:30-19:00,25,4,3.0,0.6948717948717948
MS78YUI,MS,Arcul de Triumf,Pranz,12:00-14:00,2,4,5.5,0.2717948717948718
IF06XAA,IF,Arcul de Triumf,Pranz,12:00-14:00,2,3,3.0,0.1615384615384615
BV09LAC,BV,Piata Universitatii,Pranz,12:00-14:00,3,4,2.5,0.2012263099219621
PH99URU,PH,Piata Universitatii,Pranz,12:00-14:00,3,2,3.0,0.1499442586399108
CL790OPR,CL,Piata Universitatii,Dimineata,06:30-09:30,5,5,2.5,0.2780379041248606
VL87AND,VL,Piata Unirii,Dimineata,06:30-09:30,15,4,4.5,0.5236343366778149
BH06ABI,BH,Piata Unirii,Dimineata,06:30-09:30,15,1,3.333,0.3877266443701226
GL656JUH,GL,Piata Universitatii,Pranz,12:00-14:00,3,5,4.5,0.296098104793757
OT65KLL,OT,Piata Romana,Pranz,12:00-14:00,3,5,4.0,0.2807134894091416
GL88DOR,GL,Arcul de Triumf,Pranz,12:00-14:00,2,4,4.5,0.241025641025641
SB11RIX,SB,Piata Universitatii,Pranz,12:00-14:00,3,8,6.0,0.4422519509476031
IL678ROG,IL,Piata Unirii,Pranz,12:00-14:00,3,2,4.0,0.1807134894091416
TR345MOS,TR,Piata Unirii,Seara,15:30-19:00,18,6,6.5,0.717056856187291
BH06ABI,BH,Piata Romana,Dimineata,06:30-09:30,11,1,3.333,0.3007701226309922
BH06ABI,BH,Arcul de Triumf,Seara,15:30-19:00,22,1,3.333,0.5399005574136009
MS22MUH,MS,Arcul de Triumf,Dimineata,06:30-09:30,15,7,5.5,0.6544035674470456
DJ09AND,DJ,Piata Romana,Pranz,12:00-14:00,3,4,3.0,0.2166109253065775
GL88DOR,GL,Piata Unirii,Dimineata,06:30-09:30,15,4,4.5,0.5236343366778149
NT77SNM,NT,Piata Universitatii,Seara,15:30-19:00,25,4,4.5,0.7410256410256411
CJ76MOP,CJ,Arcul de Triumf,Dimineata,06:30-09:30,15,4,5.0,0.5390189520624303
TM56BSO,TM,Piata Unirii,Pranz,12:00-14:00,3,3,2.5,0.1678929765886287
CS98LOG,CS,Arcul de Triumf,Pranz,12:00-14:00,2,4,3.5,0.2102564102564102
BH111BMM,BH,Piata Unirii,Dimineata,06:30-09:30,15,7,3.333,0.5877266443701226
BC06LKJ,BC,Piata Romana,Dimineata,06:30-09:30,11,3,2.5,0.3418060200668896
GJ87MIL,GJ,Piata Romana,Pranz,12:00-14:00,3,5,4.5,0.296098104793757
PH99URU,PH,Piata Unirii,Seara,15:30-19:00,18,2,3.0,0.4760312151616499
BC99YCV,BC,Piata Universitatii,Seara,15:30-19:00,25,2,2.5,0.6128205128205129
DB66RRS,DB,Piata Unirii,Pranz,12:00-14:00,3,2,3.0,0.1499442586399108
BT67UKR,BT,Piata Romana,Seara,15:30-19:00,20,4,2.0,0.5554069119286511
PH99URU,PH,Piata Universitatii,Dimineata,06:30-09:30,5,2,3.0,0.193422519509476
BZ876MRG,BZ,Piata Romana,Dimineata,06:30-09:30,11,7,4.5,0.5366778149386846
CL790OPR,CL,Piata Romana,Seara,15:30-19:00,20,5,2.5,0.6041248606465999
VS756JNM,VS,Piata Romana,Pranz,12:00-14:00,3,8,5.5,0.4268673355629877
BC06LKJ,BC,Arcul de Triumf,Seara,15:30-19:00,22,3,2.5,0.5809364548494984
BH111BMM,BH,Piata Romana,Dimineata,06:30-09:30,11,7,3.333,0.5007701226309922
BT67UKR,BT,Piata Universitatii,Pranz,12:00-14:00,3,4,2.0,0.1858416945373467
TL565GEO,TL,Piata Unirii,Dimineata,06:30-09:30,15,4,3.5,0.4928651059085842
BV999OSU,BV,Piata Unirii,Dimineata,06:30-09:30,15,1,2.5,0.3620958751393534
VL87AND,VL,Piata Unirii,Pranz,12:00-14:00,3,4,4.5,0.2627647714604236
GL88DOR,GL,Piata Unirii,Seara,15:30-19:00,18,4,4.5,0.5888517279821628
GL656JUH,GL,Piata Romana,Seara,15:30-19:00,20,5,4.5,0.6656633221850614
DB87NKJ,DB,Arcul de Triumf,Pranz,12:00-14:00,2,4,3.0,0.1948717948717948
BC06LKJ,BC,Piata Universitatii,Dimineata,06:30-09:30,5,3,2.5,0.2113712374581939
OT65KLL,OT,Arcul de Triumf,Pranz,12:00-14:00,2,5,4.0,0.2589743589743589
VS756JNM,VS,Piata Unirii,Dimineata,06:30-09:30,15,8,5.5,0.6877369007803791
IL678ROG,IL,Arcul de Triumf,Dimineata,06:30-09:30,15,2,4.0,0.4415830546265328
IS888DMN,IS,Piata Universitatii,Seara,15:30-19:00,25,2,3.0,0.6282051282051282
DJ01BCA,DJ,Arcul de Triumf,Dimineata,06:30-09:30,15,2,3.0,0.4108138238573021
BR12ACM,BR,Piata Romana,Dimineata,06:30-09:30,11,3,3.5,0.3725752508361204
OT65KLL,OT,Piata Romana,Seara,15:30-19:00,20,5,4.0,0.650278706800446
DJ01BCA,DJ,Arcul de Triumf,Seara,15:30-19:00,22,2,3.0,0.5629877369007804
IF05BOK,IF,Piata Romana,Seara,15:30-19:00,20,3,3.0,0.5528428093645485
IL666OLI,IL,Piata Unirii,Seara,15:30-19:00,18,6,4.0,0.640133779264214
DJ01BCA,DJ,Piata Romana,Seara,15:30-19:00,20,2,3.0,0.5195094760312151
OT31JKL,OT,Arcul de Triumf,Dimineata,06:30-09:30,15,3,4.0,0.4749163879598662
GJ08BOH,GJ,Piata Romana,Dimineata,06:30-09:30,11,4,4.5,0.4366778149386845
IS888DMN,IS,Arcul de Triumf,Pranz,12:00-14:00,2,2,3.0,0.1282051282051282
VS123ERC,VS,Arcul de Triumf,Seara,15:30-19:00,22,3,5.5,0.6732441471571906
CV56UNG,CV,Piata Unirii,Seara,15:30-19:00,18,4,2.5,0.5273132664437012
SV432COL,SV,Piata Romana,Seara,15:30-19:00,20,4,4.0,0.6169453734671126
BZ678HOG,BZ,Piata Romana,Dimineata,06:30-09:30,11,2,4.5,0.3700111482720178
HD56FIL,HD,Piata Universitatii,Dimineata,06:30-09:30,5,4,4.5,0.3062430323299888
TL565GEO,TL,Piata Universitatii,Dimineata,06:30-09:30,5,4,3.5,0.275473801560758
TR23AGU,TR,Piata Romana,Pranz,12:00-14:00,3,7,6.5,0.4243032329988851
AG12UIL,AG,Piata Romana,Pranz,12:00-14:00,3,6,7.5,0.4217391304347826
MS22MUH,MS,Piata Unirii,Pranz,12:00-14:00,3,7,5.5,0.3935340022296544
BR34AUN,BR,Piata Romana,Pranz,12:00-14:00,3,4,3.5,0.2319955406911928
GR76SUR,GR,Piata Unirii,Seara,15:30-19:00,18,8,4.5,0.7221850613154961
PH99URU,PH,Piata Unirii,Pranz,12:00-14:00,3,2,3.0,0.1499442586399108
NT663HNM,NT,Piata Universitatii,Seara,15:30-19:00,25,5,4.5,0.7743589743589743
CT24HAG,CT,Arcul de Triumf,Pranz,12:00-14:00,2,5,2.667,0.2179589743589743
CV89HUN,CV,Piata Romana,Seara,15:30-19:00,20,1,2.5,0.4707915273132664
GJ08BOH,GJ,Piata Unirii,Pranz,12:00-14:00,3,4,4.5,0.2627647714604236
BR34AUN,BR,Piata Romana,Seara,15:30-19:00,20,4,3.5,0.6015607580824973
IL678ROG,IL,Arcul de Triumf,Pranz,12:00-14:00,2,2,4.0,0.1589743589743589
MS78YUI,MS,Piata Romana,Pranz,12:00-14:00,3,4,5.5,0.2935340022296544
CS999KKK,CS,Piata Romana,Seara,15:30-19:00,20,3,3.5,0.5682274247491639
NT77SNM,NT,Arcul de Triumf,Dimineata,06:30-09:30,15,4,4.5,0.5236343366778149
VL87AND,VL,Arcul de Triumf,Seara,15:30-19:00,22,4,4.5,0.6758082497212932
GL88DOR,GL,Piata Universitatii,Pranz,12:00-14:00,3,4,4.5,0.2627647714604236
IF05BOK,IF,Arcul de Triumf,Pranz,12:00-14:00,2,3,3.0,0.1615384615384615
CJ76MOP,CJ,Piata Universitatii,Pranz,12:00-14:00,3,4,5.0,0.278149386845039
BV09LAC,BV,Piata Unirii,Dimineata,06:30-09:30,15,4,2.5,0.4620958751393534
OT31JKL,OT,Piata Romana,Dimineata,06:30-09:30,11,3,4.0,0.3879598662207358
OT31JKL,OT,Piata Unirii,Seara,15:30-19:00,18,3,4.0,0.540133779264214
BZ876MRG,BZ,Piata Unirii,Dimineata,06:30-09:30,15,7,4.5,0.623634336677815
CT24HAG,CT,Piata Romana,Pranz,12:00-14:00,3,5,2.667,0.2396981047937569
VS123ERC,VS,Arcul de Triumf,Dimineata,06:30-09:30,15,3,5.5,0.5210702341137123
BR12ACM,BR,Piata Unirii,Seara,15:30-19:00,18,3,3.5,0.5247491638795987
DB66RRS,DB,Arcul de Triumf,Seara,15:30-19:00,22,2,3.0,0.5629877369007804
GJ87MIL,GJ,Piata Universitatii,Pranz,12:00-14:00,3,5,4.5,0.296098104793757
TM23SOI,TM,Piata Romana,Pranz,12:00-14:00,3,2,2.5,0.1345596432552954
CJ654DRS,CJ,Piata Universitatii,Seara,15:30-19:00,25,6,5.0,0.823076923076923
SV432COL,SV,Arcul de Triumf,Pranz,12:00-14:00,2,4,4.0,0.2256410256410256
OT65KLL,OT,Piata Romana,Dimineata,06:30-09:30,11,5,4.0,0.4546265328874024
CV89HUN,CV,Piata Universitatii,Seara,15:30-19:00,25,1,2.5,0.5794871794871794
DJ09AND,DJ,Arcul de Triumf,Seara,15:30-19:00,22,4,3.0,0.6296544035674471
DB66RRS,DB,Piata Universitatii,Seara,15:30-19:00,25,2,3.0,0.6282051282051282
PH578HOT,PH,Piata Unirii,Pranz,12:00-14:00,3,4,3.0,0.2166109253065775
GJ87MIL,GJ,Piata Unirii,Dimineata,06:30-09:30,15,5,4.5,0.5569676700111483
OT65KLL,OT,Piata Universitatii,Dimineata,06:30-09:30,5,5,4.0,0.3241917502787068
GJ08BOH,GJ,Piata Universitatii,Pranz,12:00-14:00,3,4,4.5,0.2627647714604236
SM499JUJ,SM,Piata Romana,Pranz,12:00-14:00,3,3,3.25,0.1909698996655518
DB66RRS,DB,Piata Unirii,Dimineata,06:30-09:30,15,2,3.0,0.4108138238573021
SJ66VNM,SJ,Arcul de Triumf,Pranz,12:00-14:00,2,3,4.5,0.2076923076923076
AR06XAA,AR,Arcul de Triumf,Pranz,12:00-14:00,2,0,1.0,0.0
BV999OSU,BV,Arcul de Triumf,Seara,15:30-19:00,22,1,2.5,0.5142697881828316
IF06XAA,IF,Arcul de Triumf,Seara,15:30-19:00,22,3,3.0,0.5963210702341137
BH04LEU,BH,Piata Romana,Dimineata,06:30-09:30,11,2,3.333,0.3341034559643255
SV75LOC,SV,Piata Unirii,Seara,15:30-19:00,18,4,4.0,0.5734671125975473
SM12ULC,SM,Piata Universitatii,Seara,15:30-19:00,25,3,3.25,0.6692307692307692
SB11RIX,SB,Arcul de Triumf,Dimineata,06:30-09:30,15,8,6.0,0.7031215161649944
BN567BNM,BN,Arcul de Triumf,Seara,15:30-19:00,22,1,1.0,0.4681159420289855
NT77SNM,NT,Piata Unirii,Dimineata,06:30-09:30,15,4,4.5,0.5236343366778149
GL88DOR,GL,Arcul de Triumf,Seara,15:30-19:00,22,4,4.5,0.6758082497212932
GR999JKI,GR,Arcul de Triumf,Seara,15:30-19:00,22,1,4.5,0.5758082497212932
GJ08BOH,GJ,Piata Universitatii,Seara,15:30-19:00,25,4,4.5,0.7410256410256411
DB87NKJ,DB,Piata Romana,Seara,15:30-19:00,20,4,3.0,0.5861761426978819
IS768KIL,IS,Arcul de Triumf,Pranz,12:00-14:00,2,4,3.0,0.1948717948717948
AR06XAA,AR,Piata Universitatii,Seara,15:30-19:00,25,0,1.0,0.5
SM499JUJ,SM,Piata Universitatii,Seara,15:30-19:00,25,3,3.25,0.6692307692307692
BV999OSU,BV,Arcul de Triumf,Dimineata,06:30-09:30,15,1,2.5,0.3620958751393534
IS768KIL,IS,Piata Universitatii,Pranz,12:00-14:00,3,4,3.0,0.2166109253065775
SM33ILO,SM,Piata Universitatii,Pranz,12:00-14:00,3,5,3.25,0.2576365663322185
MS22MUH,MS,Piata Unirii,Dimineata,06:30-09:30,15,7,5.5,0.6544035674470456
TM56BSO,TM,Piata Romana,Pranz,12:00-14:00,3,3,2.5,0.1678929765886287
SM499JUJ,SM,Arcul de Triumf,Pranz,12:00-14:00,2,3,3.25,0.1692307692307692
DB87NKJ,DB,Piata Unirii,Seara,15:30-19:00,18,4,3.0,0.5426978818283166
BT789JOC,BT,Arcul de Triumf,Seara,15:30-19:00,22,0,2.0,0.4655518394648829
VS123ERC,VS,Piata Unirii,Seara,15:30-19:00,18,3,5.5,0.5862876254180602
VS756JNM,VS,Arcul de Triumf,Pranz,12:00-14:00,2,8,5.5,0.4051282051282051
IL666OLI,IL,Piata Universitatii,Pranz,12:00-14:00,3,6,4.0,0.3140468227424749
GJ87MIL,GJ,Arcul de Triumf,Dimineata,06:30-09:30,15,5,4.5,0.5569676700111483
BR12ACM,BR,Arcul de Triumf,Pranz,12:00-14:00,2,3,3.5,0.1769230769230769
B123ABC,B,Piata Romana,Pranz,12:00-14:00,3,5,2.5,0.2345596432552954
HD56FIL,HD,Arcul de Triumf,Dimineata,06:30-09:30,15,4,4.5,0.5236343366778149
OT65KLL,OT,Piata Unirii,Dimineata,06:30-09:30,15,5,4.0,0.5415830546265329
GL88DOR,GL,Piata Universitatii,Dimineata,06:30-09:30,5,4,4.5,0.3062430323299888
PH578HOT,PH,Arcul de Triumf,Dimineata,06:30-09:30,15,4,3.0,0.4774804905239688
IS768KIL,IS,Piata Unirii,Dimineata,06:30-09:30,15,4,3.0,0.4774804905239688
SB11RIX,SB,Piata Unirii,Dimineata,06:30-09:30,15,8,6.0,0.7031215161649944
IS888DMN,IS,Piata Romana,Seara,15:30-19:00,20,2,3.0,0.5195094760312151
MS78YUI,MS,Piata Universitatii,Seara,15:30-19:00,25,4,5.5,0.7717948717948717
AG444POV,AG,Arcul de Triumf,Seara,15:30-19:00,22,9,7.5,0.934782608695652
IS888DMN,IS,Piata Unirii,Pranz,12:00-14:00,3,2,3.0,0.1499442586399108
SM33ILO,SM,Piata Universitatii,Dimineata,06:30-09:30,5,5,3.25,0.3011148272017837
VS756JNM,VS,Piata Universitatii,Pranz,12:00-14:00,3,8,5.5,0.4268673355629877
TR23AGU,TR,Piata Universitatii,Pranz,12:00-14:00,3,7,6.5,0.4243032329988851
SM11LUC,SM,Piata Universitatii,Seara,15:30-19:00,25,2,3.25,0.6358974358974359
SM12ULC,SM,Piata Unirii,Seara,15:30-19:00,18,3,3.25,0.5170568561872909
HD56FIL,HD,Piata Universitatii,Seara,15:30-19:00,25,4,4.5,0.7410256410256411
BT67UKR,BT,Piata Unirii,Seara,15:30-19:00,18,4,2.0,0.5119286510590858
BC99YCV,BC,Arcul de Triumf,Seara,15:30-19:00,22,2,2.5,0.547603121516165
SM12ULC,SM,Piata Romana,Dimineata,06:30-09:30,11,3,3.25,0.3648829431438127
GR999JKI,GR,Piata Romana,Seara,15:30-19:00,20,1,4.5,0.532329988851728
BR34AUN,BR,Arcul de Triumf,Seara,15:30-19:00,22,4,3.5,0.6450390189520625
TR345MOS,TR,Piata Universitatii,Dimineata,06:30-09:30,5,6,6.5,0.434448160535117
HD56FIL,HD,Piata Romana,Pranz,12:00-14:00,3,4,4.5,0.2627647714604236
CT24HAG,CT,Piata Unirii,Dimineata,06:30-09:30,15,5,2.667,0.5005676700111482
CL790OPR,CL,Arcul de Triumf,Dimineata,06:30-09:30,15,5,2.5,0.4954292084726867
VL87AND,VL,Piata Universitatii,Pranz,12:00-14:00,3,4,4.5,0.2627647714604236
MS78YUI,MS,Arcul de Triumf,Seara,15:30-19:00,22,4,5.5,0.706577480490524
VS123ERC,VS,Piata Unirii,Pranz,12:00-14:00,3,3,5.5,0.2602006688963211
SJ23MNN,SJ,Piata Romana,Pranz,12:00-14:00,3,6,4.5,0.3294314381270903
TR23AGU,TR,Piata Unirii,Dimineata,06:30-09:30,15,7,6.5,0.6851727982162765
BC99YCV,BC,Piata Unirii,Dimineata,06:30-09:30,15,2,2.5,0.3954292084726867
AB666JEB,AB,Arcul de Triumf,Seara,15:30-19:00,22,2,1.5,0.5168338907469343
TM23SOI,TM,Piata Romana,Dimineata,06:30-09:30,11,2,2.5,0.3084726867335563
OT65KLL,OT,Piata Universitatii,Seara,15:30-19:00,25,5,4.0,0.7589743589743589
BC06LKJ,BC,Piata Unirii,Seara,15:30-19:00,18,3,2.5,0.4939799331103678
CV89HUN,CV,Arcul de Triumf,Dimineata,06:30-09:30,15,1,2.5,0.3620958751393534
SV75LOC,SV,Piata Romana,Pranz,12:00-14:00,3,4,4.0,0.2473801560758082
AB666JEB,AB,Piata Romana,Pranz,12:00-14:00,3,2,1.5,0.1037904124860646
GJ87MIL,GJ,Piata Unirii,Seara,15:30-19:00,18,5,4.5,0.622185061315496
B555WHR,B,Arcul de Triumf,Seara,15:30-19:00,22,0,2.5,0.4809364548494983
BH04LEU,BH,Arcul de Triumf,Dimineata,06:30-09:30,15,2,3.333,0.4210599777034559
SM11LUC,SM,Piata Romana,Pranz,12:00-14:00,3,2,3.25,0.1576365663322185
TR23AGU,TR,Arcul de Triumf,Dimineata,06:30-09:30,15,7,6.5,0.6851727982162765
CT24HAG,CT,Piata Unirii,Pranz,12:00-14:00,3,5,2.667,0.2396981047937569
BH111BMM,BH,Piata Unirii,Pranz,12:00-14:00,3,7,3.333,0.3268570791527313
IL666OLI,IL,Piata Unirii,Pranz,12:00-14:00,3,6,4.0,0.3140468227424749
BR12ACM,BR,Arcul de Triumf,Dimineata,06:30-09:30,15,3,3.5,0.4595317725752508
HD789IKJ,HD,Piata Universitatii,Seara,15:30-19:00,25,5,4.5,0.7743589743589743
AB254ULA,AB,Piata Romana,Pranz,12:00-14:00,3,1,1.5,0.0704570791527313
CJ654DRS,CJ,Arcul de Triumf,Pranz,12:00-14:00,2,6,5.0,0.323076923076923
IL678ROG,IL,Piata Romana,Pranz,12:00-14:00,3,2,4.0,0.1807134894091416
IF05BOK,IF,Piata Universitatii,Seara,15:30-19:00,25,3,3.0,0.6615384615384615
IS888DMN,IS,Piata Romana,Pranz,12:00-14:00,3,2,3.0,0.1499442586399108
CL790OPR,CL,Piata Unirii,Pranz,12:00-14:00,3,5,2.5,0.2345596432552954
IF06XAA,IF,Piata Romana,Seara,15:30-19:00,20,3,3.0,0.5528428093645485
BV999OSU,BV,Piata Universitatii,Seara,15:30-19:00,25,1,2.5,0.5794871794871794
IS888DMN,IS,Piata Unirii,Dimineata,06:30-09:30,15,2,3.0,0.4108138238573021
TM56BSO,TM,Piata Romana,Seara,15:30-19:00,20,3,2.5,0.5374581939799331
TL666YHJ,TL,Piata Universitatii,Seara,15:30-19:00,25,3,3.5,0.676923076923077
CT12HAL,CT,Piata Unirii,Seara,15:30-19:00,18,1,2.667,0.4324517279821627
GJ87MIL,GJ,Piata Universitatii,Seara,15:30-19:00,25,5,4.5,0.7743589743589743
BZ678HOG,BZ,Piata Romana,Seara,15:30-19:00,20,2,4.5,0.5656633221850613
BT67UKR,BT,Piata Universitatii,Dimineata,06:30-09:30,5,4,2.0,0.2293199554069119
BH04LEU,BH,Piata Romana,Seara,15:30-19:00,20,2,3.333,0.529755629877369
SM499JUJ,SM,Piata Romana,Dimineata,06:30-09:30,11,3,3.25,0.3648829431438127
IS888DMN,IS,Piata Universitatii,Dimineata,06:30-09:30,5,2,3.0,0.193422519509476
VS756JNM,VS,Piata Romana,Seara,15:30-19:00,20,8,5.5,0.7964325529542922
IF06XAA,IF,Piata Unirii,Dimineata,06:30-09:30,15,3,3.0,0.4441471571906354
TM23SOI,TM,Piata Unirii,Seara,15:30-19:00,18,2,2.5,0.4606465997770345
GR76SUR,GR,Piata Romana,Seara,15:30-19:00,20,8,4.5,0.7656633221850613
HD56FIL,HD,Piata Romana,Dimineata,06:30-09:30,11,4,4.5,0.4366778149386845
AG444POV,AG,Piata Universitatii,Dimineata,06:30-09:30,5,9,7.5,0.5652173913043479
SM33ILO,SM,Arcul de Triumf,Pranz,12:00-14:00,2,5,3.25,0.2358974358974359
VS123ERC,VS,Piata Romana,Seara,15:30-19:00,20,3,5.5,0.6297658862876254
B123ABC,B,Arcul de Triumf,Pranz,12:00-14:00,2,5,2.5,0.2128205128205128
DJ09AND,DJ,Piata Universitatii,Pranz,12:00-14:00,3,4,3.0,0.2166109253065775
SM499JUJ,SM,Piata Universitatii,Dimineata,06:30-09:30,5,3,3.25,0.234448160535117
AR89ATN,AR,Piata Unirii,Seara,15:30-19:00,18,2,1.0,0.4144927536231884
BT789JOC,BT,Arcul de Triumf,Pranz,12:00-14:00,2,0,2.0,0.0307692307692307
SM12ULC,SM,Piata Universitatii,Pranz,12:00-14:00,3,3,3.25,0.1909698996655518
HD56FIL,HD,Piata Unirii,Pranz,12:00-14:00,3,4,4.5,0.2627647714604236
SV432COL,SV,Piata Romana,Pranz,12:00-14:00,3,4,4.0,0.2473801560758082
VL78AMC,VL,Piata Unirii,Pranz,12:00-14:00,3,5,4.5,0.296098104793757
TL666YHJ,TL,Piata Universitatii,Pranz,12:00-14:00,3,3,3.5,0.1986622073578595
CT87ADI,CT,Piata Unirii,Dimineata,06:30-09:30,15,2,2.667,0.4005676700111482
AR06XAA,AR,Piata Unirii,Pranz,12:00-14:00,3,0,1.0,0.0217391304347826
CJ654DRS,CJ,Piata Romana,Dimineata,06:30-09:30,11,6,5.0,0.5187290969899665
SM33ILO,SM,Arcul de Triumf,Dimineata,06:30-09:30,15,5,3.25,0.5185061315496098
CJ654DRS,CJ,Piata Universitatii,Dimineata,06:30-09:30,5,6,5.0,0.3882943143812709
HD56FIL,HD,Piata Unirii,Seara,15:30-19:00,18,4,4.5,0.5888517279821628
BV999OSU,BV,Arcul de Triumf,Pranz,12:00-14:00,2,1,2.5,0.0794871794871794
B555WHR,B,Arcul de Triumf,Pranz,12:00-14:00,2,0,2.5,0.0461538461538461
CS999KKK,CS,Piata Romana,Dimineata,06:30-09:30,11,3,3.5,0.3725752508361204
PH99URU,PH,Arcul de Triumf,Dimineata,06:30-09:30,15,2,3.0,0.4108138238573021
VS123ERC,VS,Piata Romana,Dimineata,06:30-09:30,11,3,5.5,0.4341137123745819
BZ678HOG,BZ,Piata Universitatii,Dimineata,06:30-09:30,5,2,4.5,0.2395763656633222
BH04LEU,BH,Piata Universitatii,Pranz,12:00-14:00,3,2,3.333,0.1601904124860646
GL88DOR,GL,Arcul de Triumf,Dimineata,06:30-09:30,15,4,4.5,0.5236343366778149
CT12HAL,CT,Piata Romana,Pranz,12:00-14:00,3,1,2.667,0.1063647714604236
OT65KLL,OT,Piata Universitatii,Pranz,12:00-14:00,3,5,4.0,0.2807134894091416
GR76SUR,GR,Arcul de Triumf,Seara,15:30-19:00,22,8,4.5,0.8091415830546265
TR345MOS,TR,Piata Romana,Pranz,12:00-14:00,3,6,6.5,0.3909698996655518
CV89HUN,CV,Piata Romana,Pranz,12:00-14:00,3,1,2.5,0.1012263099219621
SV432COL,SV,Arcul de Triumf,Dimineata,06:30-09:30,15,4,4.0,0.5082497212931996
GR999JKI,GR,Piata Romana,Dimineata,06:30-09:30,11,1,4.5,0.3366778149386845
BV999OSU,BV,Piata Romana,Dimineata,06:30-09:30,11,1,2.5,0.275139353400223
SM33ILO,SM,Arcul de Triumf,Seara,15:30-19:00,22,5,3.25,0.670680044593088
DJ01BCA,DJ,Piata Universitatii,Seara,15:30-19:00,25,2,3.0,0.6282051282051282
SM499JUJ,SM,Piata Universitatii,Pranz,12:00-14:00,3,3,3.25,0.1909698996655518
MS22MUH,MS,Arcul de Triumf,Seara,15:30-19:00,22,7,5.5,0.8065774804905239
BH111BMM,BH,Piata Universitatii,Dimineata,06:30-09:30,5,7,3.333,0.3703353400222965
HD789IKJ,HD,Arcul de Triumf,Seara,15:30-19:00,22,5,4.5,0.7091415830546266
IF06XAA,IF,Piata Romana,Dimineata,06:30-09:30,11,3,3.0,0.357190635451505
TM23SOI,TM,Piata Unirii,Pranz,12:00-14:00,3,2,2.5,0.1345596432552954
MS78YUI,MS,Piata Universitatii,Dimineata,06:30-09:30,5,4,5.5,0.3370122630992196
SV432COL,SV,Piata Unirii,Dimineata,06:30-09:30,15,4,4.0,0.5082497212931996
AB254ULA,AB,Piata Universitatii,Pranz,12:00-14:00,3,1,1.5,0.0704570791527313
TM23SOI,TM,Piata Unirii,Dimineata,06:30-09:30,15,2,2.5,0.3954292084726867
SM499JUJ,SM,Piata Unirii,Seara,15:30-19:00,18,3,3.25,0.5170568561872909
GL656JUH,GL,Piata Romana,Pranz,12:00-14:00,3,5,4.5,0.296098104793757
IL678ROG,IL,Piata Romana,Dimineata,06:30-09:30,11,2,4.0,0.3546265328874025
BV09LAC,BV,Arcul de Triumf,Dimineata,06:30-09:30,15,4,2.5,0.4620958751393534
B555WHR,B,Piata Universitatii,Dimineata,06:30-09:30,5,0,2.5,0.1113712374581939
CS999KKK,CS,Arcul de Triumf,Pranz,12:00-14:00,2,3,3.5,0.1769230769230769
TM56BSO,TM,Piata Romana,Dimineata,06:30-09:30,11,3,2.5,0.3418060200668896
BH04LEU,BH,Piata Romana,Pranz,12:00-14:00,3,2,3.333,0.1601904124860646
BZ876MRG,BZ,Arcul de Triumf,Dimineata,06:30-09:30,15,7,4.5,0.623634336677815
BH111BMM,BH,Piata Universitatii,Seara,15:30-19:00,25,7,3.333,0.8051179487179487
VS123ERC,VS,Arcul de Triumf,Pranz,12:00-14:00,2,3,5.5,0.2384615384615384
GJ87MIL,GJ,Arcul de Triumf,Pranz,12:00-14:00,2,5,4.5,0.2743589743589744
VL87AND,VL,Piata Romana,Seara,15:30-19:00,20,4,4.5,0.632329988851728
TR345MOS,TR,Piata Universitatii,Seara,15:30-19:00,25,6,6.5,0.8692307692307693
CJ654DRS,CJ,Piata Unirii,Pranz,12:00-14:00,3,6,5.0,0.3448160535117057
HD56FIL,HD,Arcul de Triumf,Pranz,12:00-14:00,2,4,4.5,0.241025641025641
CL777OPO,CL,Piata Unirii,Seara,15:30-19:00,18,0,2.5,0.3939799331103679
NT663HNM,NT,Arcul de Triumf,Pranz,12:00-14:00,2,5,4.5,0.2743589743589744
BC06LKJ,BC,Piata Universitatii,Pranz,12:00-14:00,3,3,2.5,0.1678929765886287
NT663HNM,NT,Piata Romana,Dimineata,06:30-09:30,11,5,4.5,0.4700111482720178
DJ01BCA,DJ,Piata Unirii,Pranz,12:00-14:00,3,2,3.0,0.1499442586399108
AG444POV,AG,Piata Romana,Dimineata,06:30-09:30,11,9,7.5,0.6956521739130435
CT24HAG,CT,Arcul de Triumf,Dimineata,06:30-09:30,15,5,2.667,0.5005676700111482
AR06XAA,AR,Piata Romana,Dimineata,06:30-09:30,11,0,1.0,0.1956521739130435
TM56BSO,TM,Arcul de Triumf,Seara,15:30-19:00,22,3,2.5,0.5809364548494984
CS98LOG,CS,Piata Unirii,Dimineata,06:30-09:30,15,4,3.5,0.4928651059085842
BT789JOC,BT,Piata Universitatii,Pranz,12:00-14:00,3,0,2.0,0.0525083612040133
TM56BSO,TM,Piata Universitatii,Pranz,12:00-14:00,3,3,2.5,0.1678929765886287
BC06LKJ,BC,Arcul de Triumf,Pranz,12:00-14:00,2,3,2.5,0.1461538461538461
PH578HOT,PH,Arcul de Triumf,Seara,15:30-19:00,22,4,3.0,0.6296544035674471
B555WHR,B,Piata Unirii,Seara,15:30-19:00,18,0,2.5,0.3939799331103679
IF06XAA,IF,Piata Romana,Pranz,12:00-14:00,3,3,3.0,0.1832775919732441
AB666JEB,AB,Piata Universitatii,Seara,15:30-19:00,25,2,1.5,0.582051282051282
AG444POV,AG,Piata Universitatii,Pranz,12:00-14:00,3,9,7.5,0.5217391304347826
BZ678HOG,BZ,Piata Unirii,Dimineata,06:30-09:30,15,2,4.5,0.4569676700111482
GL656JUH,GL,Piata Unirii,Seara,15:30-19:00,18,5,4.5,0.622185061315496
TL565GEO,TL,Piata Romana,Dimineata,06:30-09:30,11,4,3.5,0.4059085841694537
AG444POV,AG,Piata Unirii,Dimineata,06:30-09:30,15,9,7.5,0.7826086956521738
